valley9050,valley50
典型1,1
典型2,2
典型1,1
典型2,2
典型2,2
典型2,2
典型2,2
典型2,2
典型2,2
典型1,1
非典型2,3
非典型2,3
非典型2,3
非典型2,3
非典型2,3
非典型2,3
典型3,3
非典型2,3
非典型2,3
非典型2,3
非典型2,3
非典型2,3
典型1,1
典型1,1
非典型2,3
非典型2,3
典型3,3
非典型2,3
非典型2,3
典型1,1
非典型2,3
非典型2,3
非典型2,3
典型3,3
典型1,1
典型3,3
非典型2,3
典型1,1
非典型2,3
典型1,1
典型3,3
典型1,1
典型3,3
典型1,1
典型1,1
典型3,3
典型3,3
典型3,3
非典型2,3
非典型2,3
非典型2,3
非典型2,3
典型3,3
非典型2,3
典型3,3
非典型2,3
典型3,3
典型1,1
典型3,3
典型3,3
典型1,1
非典型2,3
非典型2,3
非典型2,3
非典型2,3
非典型2,3
非典型2,3
非典型2,3
典型1,1
典型3,3
非典型2,3
非典型2,3
典型3,3
典型3,3
非典型2,3
非典型2,3
非典型2,3
典型3,3
非典型2,3
典型3,3
非典型2,3
非典型2,3
典型3,3
典型3,3
典型1,1
典型3,3
典型3,3
典型3,3
典型3,3
典型3,3
典型1,1
非典型2,3
典型1,1
非典型2,3
非典型2,3
非典型2,3
典型1,1
非典型2,3
非典型2,3
非典型2,3
非典型2,3
典型1,1
典型3,3
典型3,3
非典型2,3
典型1,1
典型3,3
非典型2,3
典型1,1
非典型2,3
典型1,1
非典型2,3
非典型2,3
非典型2,3
非典型2,3
非典型2,3
典型1,1
典型3,3
典型1,1
典型1,1
非典型2,3
非典型2,3
非典型2,3
典型3,3
典型3,3
典型3,3
典型3,3
非典型2,3
典型3,3
典型3,3
非典型2,3
非典型2,3
典型3,3
非典型2,3
非典型2,3
非典型2,3
非典型2,3
非典型2,3
典型1,1
非典型2,3
非典型2,3
非典型2,3
非典型2,3
非典型2,3
非典型2,3
非典型2,3
非典型2,3
非典型2,3
非典型2,3
非典型2,3
非典型2,3
非典型2,3
非典型2,3
非典型2,3
非典型2,3
非典型2,3
非典型2,3
非典型2,3
非典型2,3
非典型2,3
典型3,3
典型1,1
非典型2,3
非典型2,3
非典型2,3
典型2,2
典型2,2
典型2,2
典型2,2
典型2,2
典型1,1
非典型1,2
典型1,1
典型2,2
非典型2,3
非典型2,3
非典型2,3
非典型2,3
非典型2,3
非典型2,3
非典型2,3
非典型2,3
非典型2,3
非典型2,3
非典型2,3
典型3,3
典型3,3
典型1,1
典型3,3
典型3,3
典型1,1
典型3,3
典型1,1
典型3,3
典型3,3
典型3,3
典型3,3
典型3,3
非典型2,3
非典型2,3
非典型2,3
非典型2,3
非典型2,3
非典型2,3
非典型2,3
非典型2,3
非典型2,3
非典型2,3
非典型2,3
非典型2,3
非典型2,3
非典型2,3
非典型2,3
非典型2,3
非典型2,3
非典型2,3
非典型2,3
典型1,1
典型3,3
典型3,3
典型1,1
典型3,3
典型3,3
典型3,3
典型3,3
典型3,3
典型3,3
典型3,3
典型1,1
典型3,3
典型3,3
典型1,1
典型1,1
典型1,1
非典型2,3
非典型2,3
非典型2,3
非典型2,3
非典型2,3
非典型2,3
非典型2,3
非典型2,3
非典型2,3
非典型2,3
非典型2,3
非典型2,3
非典型2,3
非典型2,3
非典型2,3
非典型2,3
非典型2,3
典型3,3
非典型2,3
典型1,1
非典型2,3
典型3,3
典型3,3
非典型2,3
典型1,1
典型3,3
典型3,3
典型1,1
典型3,3
典型3,3
典型3,3
典型3,3
非典型2,3
非典型2,3
非典型2,3
典型3,3
典型3,3
典型3,3
典型3,3
典型3,3
典型3,3
典型3,3
典型3,3
非典型2,3
典型3,3
典型3,3
典型3,3
非典型2,3
典型1,1
非典型2,3
非典型2,3
非典型2,3
非典型2,3
典型3,3
典型3,3
典型3,3
典型3,3
非典型1,2
典型3,3
典型3,3
典型3,3
非典型2,3
非典型2,3
非典型2,3
典型3,3
典型3,3
典型3,3
典型1,1
典型3,3
非典型2,3
非典型2,3
非典型2,3
非典型2,3
非典型2,3
非典型2,3
典型1,1
典型3,3
非典型2,3
典型1,1
非典型2,3
典型3,3
非典型2,3
非典型2,3
非典型2,3
典型3,3
非典型2,3
典型3,3
典型3,3
典型3,3
典型3,3
典型3,3
典型3,3
典型3,3
典型3,3
典型3,3
典型3,3
非典型2,3
非典型2,3
典型1,1
典型3,3
典型3,3
典型3,3
典型1,1
典型3,3
典型1,1
典型3,3
典型2,2
典型2,2
非典型1,2
典型2,2
典型2,2
典型2,2
典型2,2
典型2,2
典型2,2
典型2,2
典型2,2
典型2,2
典型2,2
典型2,2
典型1,1
非典型1,2
典型1,1
典型1,1
典型1,1
典型1,1
典型1,1
典型1,1
典型1,1
典型1,1
典型1,1
典型1,1
典型1,1
典型1,1
典型1,1
典型1,1
典型3,3
非典型2,3
典型2,2
典型2,2
典型2,2
典型2,2
非典型1,2
典型2,2
典型2,2
典型2,2
典型1,1
非典型1,2
典型2,2
典型2,2
典型2,2
典型2,2
非典型1,2
非典型1,2
典型2,2
典型2,2
典型2,2
典型2,2
非典型1,2
典型2,2
典型1,1
典型2,2
典型2,2
典型2,2
典型2,2
典型2,2
典型2,2
典型2,2
典型2,2
典型2,2
典型2,2
典型2,2
典型1,1
典型2,2
典型2,2
典型3,3
典型3,3
典型2,2
典型2,2
典型2,2
典型2,2
典型2,2
典型2,2
典型2,2
典型2,2
典型2,2
典型2,2
典型2,2
典型2,2
典型2,2
典型2,2
典型2,2
典型2,2
典型2,2
典型2,2
典型2,2
典型2,2
典型2,2
典型2,2
典型2,2
典型2,2
典型2,2
典型2,2
典型2,2
典型2,2
典型2,2
典型2,2
典型2,2
典型2,2
典型2,2
典型2,2
典型2,2
典型2,2
典型2,2
典型2,2
典型2,2
典型2,2
典型2,2
典型2,2
典型2,2
典型2,2
典型2,2
典型2,2
典型2,2
典型2,2
典型2,2
典型2,2
典型2,2
典型2,2
典型2,2
典型2,2
典型1,1
典型2,2
典型2,2
典型2,2
典型2,2
典型2,2
典型2,2
典型2,2
典型2,2
典型2,2
典型2,2
典型2,2
典型1,1
典型2,2
典型2,2
典型2,2
典型2,2
典型2,2
典型2,2
典型2,2
典型2,2
典型2,2
典型2,2
典型2,2
典型2,2
典型2,2
典型2,2
非典型1,2
典型2,2
典型2,2
典型2,2
典型2,2
典型2,2
典型2,2
典型2,2
典型2,2
典型2,2
典型2,2
典型2,2
典型2,2
典型2,2
典型2,2
典型2,2
典型2,2
典型2,2
典型2,2
典型2,2
典型2,2
典型2,2
非典型2,3
典型2,2
典型2,2
典型2,2
典型2,2
典型2,2
典型2,2
典型2,2
典型2,2
典型2,2
典型2,2
典型2,2
典型3,3
典型2,2
典型2,2
典型2,2
非典型2,3
典型2,2
典型2,2
典型2,2
典型2,2
典型2,2
典型2,2
典型2,2
典型2,2
典型2,2
典型2,2
典型2,2
典型2,2
典型2,2
典型2,2
典型2,2
典型2,2
典型2,2
典型2,2
典型2,2
典型2,2
典型3,3
典型2,2
典型2,2
典型2,2
典型2,2
典型2,2
典型2,2
典型2,2
典型2,2
典型2,2
典型2,2
典型2,2
典型2,2
典型2,2
典型2,2
典型2,2
典型2,2
典型2,2
典型2,2
典型2,2
典型2,2
典型2,2
典型2,2
典型2,2
典型2,2
典型2,2
典型2,2
典型2,2
典型2,2
典型2,2
典型2,2
典型2,2
典型2,2
典型2,2
典型2,2
典型2,2
典型2,2
典型2,2
典型2,2
典型2,2
典型2,2
典型2,2
典型2,2
典型2,2
典型2,2
典型2,2
典型2,2
典型2,2
典型2,2
典型2,2
典型2,2
典型2,2
典型2,2
典型3,3
典型2,2
典型2,2
典型2,2
典型2,2
典型2,2
典型2,2
典型2,2
典型2,2
典型2,2
典型2,2
非典型2,3
典型2,2
典型2,2
典型2,2
典型2,2
典型2,2
典型2,2
典型2,2
典型2,2
典型2,2
典型2,2
典型2,2
典型2,2
典型2,2
典型2,2
典型2,2
典型2,2
典型2,2
典型2,2
典型2,2
典型2,2
典型2,2
典型2,2
典型2,2
典型2,2
典型2,2
典型2,2
典型2,2
典型2,2
典型2,2
典型2,2
典型2,2
典型2,2
典型2,2
典型2,2
典型2,2
典型2,2
典型2,2
典型2,2
典型2,2
典型2,2
典型2,2
典型2,2
典型3,3
典型3,3
典型2,2
典型2,2
典型2,2
非典型1,2
典型2,2
非典型1,2
典型2,2
非典型1,2
典型2,2
非典型1,2
典型2,2
非典型1,2
典型2,2
非典型1,2
非典型1,2
非典型1,2
非典型1,2
非典型1,2
非典型1,2
非典型1,2
非典型1,2
非典型1,2
非典型1,2
非典型1,2
非典型1,2
非典型1,2
非典型1,2
非典型1,2
非典型1,2
非典型1,2
非典型1,2
非典型1,2
非典型1,2
非典型1,2
非典型1,2
非典型1,2
非典型1,2
非典型1,2
非典型1,2
非典型1,2
非典型1,2
非典型1,2
非典型1,2
非典型1,2
非典型1,2
非典型1,2
非典型1,2
非典型1,2
非典型1,2
非典型1,2
非典型1,2
非典型1,2
非典型1,2
非典型1,2
非典型1,2
非典型1,2
非典型1,2
非典型1,2
非典型1,2
非典型1,2
非典型1,2
非典型1,2
非典型1,2
非典型1,2
非典型1,2
非典型1,2
非典型1,2
非典型1,2
非典型1,2
非典型1,2
非典型1,2
非典型1,2
非典型1,2
非典型1,3
非典型1,2
非典型1,2
非典型1,2
非典型1,2
非典型1,2
非典型1,2
非典型1,2
非典型1,2
非典型1,2
非典型1,2
非典型1,2
非典型1,2
非典型1,2
非典型1,2
非典型1,2
非典型1,2
非典型1,2
非典型1,2
非典型1,2
非典型1,2
非典型1,2
非典型1,2
非典型1,2
非典型1,2
非典型1,2
非典型1,2
非典型1,2
非典型1,2
非典型1,2
非典型1,2
非典型1,2
非典型1,2
非典型1,2
非典型1,2
非典型1,2
非典型1,2
非典型1,2
非典型1,2
非典型1,2
非典型1,2
非典型1,2
非典型1,2
典型2,2
非典型1,2
典型2,2
典型2,2
非典型1,2
典型2,2
典型2,2
非典型1,2
非典型1,2
非典型1,2
典型2,2
非典型1,2
非典型1,2
非典型1,2
非典型1,2
非典型1,2
非典型1,2
非典型1,2
非典型1,2
非典型1,2
非典型1,2
非典型1,2
非典型1,2
非典型1,2
非典型1,2
非典型1,2
非典型1,2
非典型1,2
非典型1,2
非典型1,2
非典型1,2
非典型1,2
非典型1,2
非典型1,2
非典型1,2
非典型1,2
非典型1,2
非典型1,2
非典型1,2
非典型1,2
非典型1,2
非典型1,2
非典型1,2
非典型1,2
非典型1,2
非典型1,2
非典型1,2
非典型1,2
非典型1,2
非典型1,2
非典型1,2
非典型1,2
非典型1,2
非典型1,2
非典型1,2
非典型1,2
非典型1,2
非典型1,2
非典型1,2
非典型1,2
非典型1,2
非典型1,2
非典型1,2
非典型1,2
非典型1,2
非典型1,2
非典型1,2
非典型1,2
非典型1,2
非典型1,2
非典型1,2
非典型1,2
非典型1,2
非典型1,2
非典型1,2
非典型1,2
非典型1,2
非典型1,2
非典型1,2
非典型1,2
非典型1,2
非典型1,2
非典型1,2
非典型1,2
非典型1,2
非典型1,2
非典型1,2
非典型1,2
非典型1,2
非典型1,2
非典型1,2
非典型1,2
非典型1,2
非典型1,2
非典型1,2
非典型1,2
非典型1,2
非典型1,2
非典型1,2
非典型1,2
非典型1,2
非典型1,2
非典型1,2
非典型1,2
非典型1,2
非典型1,2
非典型1,2
非典型1,2
非典型1,2
非典型1,2
非典型1,2
非典型1,2
非典型1,2
非典型1,2
典型2,2
非典型1,2
典型2,2
典型2,2
典型2,2
非典型1,2
典型2,2
典型2,2
典型2,2
非典型1,2
典型2,2
非典型1,2
典型2,2
非典型1,2
非典型1,2
非典型1,2
典型2,2
非典型1,2
典型2,2
非典型1,2
典型2,2
非典型1,2
非典型1,2
非典型1,2
典型2,2
非典型1,2
非典型1,2
非典型1,2
典型2,2
非典型1,2
非典型1,2
非典型1,2
典型2,2
非典型1,2
典型2,2
非典型1,2
典型2,2
非典型1,2
非典型1,2
非典型1,2
典型2,2
非典型1,2
非典型1,2
非典型1,2
非典型1,2
非典型1,2
非典型1,2
非典型1,2
非典型1,2
非典型1,2
非典型1,2
非典型1,2
非典型1,2
非典型1,2
非典型1,2
非典型1,2
非典型1,2
非典型1,2
典型2,2
非典型1,2
非典型1,2
非典型1,2
非典型1,2
非典型1,2
非典型1,2
非典型1,2
非典型1,2
典型2,2
非典型1,2
非典型1,2
非典型1,2
典型2,2
典型2,2
非典型1,2
典型2,2
典型2,2
非典型1,2
非典型1,2
非典型1,2
非典型1,2
非典型1,2
非典型1,2
非典型1,2
非典型1,2
非典型1,2
非典型1,2
非典型1,2
非典型1,2
非典型1,2
非典型1,2
非典型1,2
非典型1,2
非典型1,2
非典型1,2
非典型1,2
非典型1,2
非典型1,2
非典型1,2
非典型1,2
非典型1,2
非典型1,2
非典型1,2
非典型1,2
非典型1,2
非典型1,2
非典型1,2
非典型1,2
典型2,2
典型2,2
典型2,2
